concept	facet	property	facet_property
listen	action	to comprehend	action: to comprehend
listen	action	attentive	action: attentive
listen	action	hearing	action: hearing
listen	action	to understand	action: to understand
listen	action	paying attention	action: paying attention
listen	action	act of hearing	action: act of hearing
listen	action	careful	action: careful
listen	action	perceive	action: perceive
listen	action	verb	action: verb
listen	action	attend	action: attend
listen	action	pay attention	action: pay attention
listen	action	hear	action: hear
listen	action	to hear	action: to hear
listen	action	focus	action: focus
best of you	actions	helping others	actions: helping others
best of you	actions	being a good friend	actions: being a good friend
best of you	actions	being honest with yourself	actions: being honest with yourself
best of you	actions	standing up for what is right	actions: standing up for what is right
best of you	actions	embracing change	actions: embracing change
sailing	activity	recreational activity	activity: recreational activity
sailing	activity	water sport	activity: water sport
sailing	activity	outdoor activity	activity: outdoor activity
sailing	activity	competitive sport	activity: competitive sport
sailing	activity	water	activity: water
sailing	activity	outdoor	activity: outdoor
sailing	activity	competitive	activity: competitive
sailing	activity	recreational	activity: recreational
the way we were	actors	patricia neal	actors: patricia neal
the way we were	actors	robert redford	actors: robert redford
the way we were	actors	barbra streisand	actors: barbra streisand
i still haven't found what i'm looking for	album	the joshua tree	album: the joshua tree
wait and bleed	album	the great massacre	album: the great massacre
i still haven't found what i'm looking for	album	u2's album	album: u2's album
wait and bleed	album	musical complexity	album: musical complexity
wait and bleed	album	emotional release	album: emotional release
wait and bleed	album	scream aim fire	album: scream aim fire
we belong together	album	music box	album: music box
wait and bleed	album	shogun	album: shogun
crazy in love	album	dangerously in love	album: dangerously in love
we belong together	album	mariah carey album	album: mariah carey album
we belong together	album	butterfly	album: butterfly
wait and bleed	album	the white album	album: the white album
wait and bleed	album	in the heart of the sun	album: in the heart of the sun
wait and bleed	album	music release	album: music release
i still haven't found what i'm looking for	album	iconic album	album: iconic album
wait and bleed	album	the crusade	album: the crusade
wait and bleed	album	ascendancy	album: ascendancy
wait and bleed	album	white pony	album: white pony
crazy in love	album	the blueprint	album: the blueprint
we belong together	album	the bodyguard	album: the bodyguard
we belong together	album	so far so good	album: so far so good
wait and bleed	album	wait and bleed	album: wait and bleed
we belong together	album	compilation	album: compilation
crazy in love	album	crazy in love	album: crazy in love
wait and bleed	album	song	album: song
crazy in love	album	the writing's on the wall	album: the writing's on the wall
we belong together	album	daydream	album: daydream
wait and bleed	album	a legacy of hate	album: a legacy of hate
wait and bleed	album	shadows fall	album: shadows fall
wait and bleed	album	in the dark	album: in the dark
wait and bleed	album genre	concept album	album genre: concept album
wait and bleed	album genre	experimental music	album genre: experimental music
money for nothing	amount	substantial	amount: substantial
money for nothing	amount	small	amount: small
money for nothing	amount	significant	amount: significant
money for nothing	amount	large	amount: large
halo	appearance	circle around head	appearance: circle around head
halo	appearance	ring of light	appearance: ring of light
halo	appearance	glowing	appearance: glowing
halo	appearance	diffuse	appearance: diffuse
halo	appearance	glow around head	appearance: glow around head
halo	appearance	brightly glowing	appearance: brightly glowing
halo	appearance	ethereal	appearance: ethereal
halo	appearance	aura around head	appearance: aura around head
halo	appearance	bright	appearance: bright
halo	appearance	dazzlingly bright	appearance: dazzlingly bright
halo	appearance	circular	appearance: circular
halo	appearance	around head	appearance: around head
halo	appearance	shining	appearance: shining
halo	appearance	ring-shaped	appearance: ring-shaped
halo	appearance	colorful	appearance: colorful
reason	application	everyday life	application: everyday life
reason	application	science	application: science
reason	application	philosophy	application: philosophy
i still haven't found what i'm looking for	artist	larry mullen jr.	artist: larry mullen jr.
i still haven't found what i'm looking for	artist	adam clayton	artist: adam clayton
i still haven't found what i'm looking for	artist	the edge	artist: the edge
the way we were	artist	dean martin	artist: dean martin
i still haven't found what i'm looking for	artist	bono	artist: bono
i still haven't found what i'm looking for	artist	u2	artist: u2
wait and bleed	artist	nine inch nails	artist: nine inch nails
we belong together	artist	celine dion	artist: celine dion
the way we were	artist	frank sinatra	artist: frank sinatra
wait and bleed	artist	trent reznor	artist: trent reznor
wait and bleed	artist	tool	artist: tool
wait and bleed	artist	eddie vedder	artist: eddie vedder
we belong together	artist	brenda k	artist: brenda k
we belong together	artist	duet	artist: duet
we belong together	artist	mariah carey	artist: mariah carey
we belong together	artist	pop icon	artist: pop icon
we belong together	artist	bryan adams	artist: bryan adams
we belong together	artist	whitney houston	artist: whitney houston
crazy in love	artist	tricky stewart	artist: tricky stewart
the way we were	artist	bing crosby	artist: bing crosby
crazy in love	artist	beyoncé	artist: beyoncé
crazy in love	artist	jay-z	artist: jay-z
crazy in love	artist	the-dream	artist: the-dream
wait and bleed	artist style	emotive	artist style: emotive
wait and bleed	artist style	atmospheric	artist style: atmospheric
wait and bleed	artist style	aggressive	artist style: aggressive
party rock anthem	artist type	pop group	artist type: pop group
party rock anthem	artist type	electronic duo	artist type: electronic duo
party rock anthem	artist type	dj	artist type: dj
party rock anthem	artist type	singer	artist type: singer
party rock anthem	artist type	electronic music artist	artist type: electronic music artist
party rock anthem	artist type	band	artist type: band
halo	artistic depiction	in paintings	artistic depiction: in paintings
halo	artistic depiction	in sculptures	artistic depiction: in sculptures
halo	artistic depiction	in stained glass	artistic depiction: in stained glass
halo	artistic representation	photography	artistic representation: photography
halo	artistic representation	painting	artistic representation: painting
halo	artistic representation	sculpture	artistic representation: sculpture
crazy in love	artists	beyoncé	artists: beyoncé
party rock anthem	artists	ke$ha	artists: ke$ha
crazy in love	artists	jay-z	artists: jay-z
party rock anthem	artists	lady gaga	artists: lady gaga
party rock anthem	artists	britney spears	artists: britney spears
party rock anthem	artists	dj	artists: dj
party rock anthem	artists	band	artists: band
party rock anthem	artists	electronic musician	artists: electronic musician
best of you	aspect	mental	aspect: mental
best of you	aspect	emotional	aspect: emotional
best of you	aspect	physical	aspect: physical
best of you	aspects to develop	dedication	aspects to develop: dedication
best of you	aspects to develop	perseverance	aspects to develop: perseverance
best of you	aspects to develop	confidence	aspects to develop: confidence
best of you	aspects to develop	hard work	aspects to develop: hard work
money for nothing	associated emotions	surprise	associated emotions: surprise
money for nothing	associated emotions	joy	associated emotions: joy
money for nothing	associated emotions	relief	associated emotions: relief
halo	associated with	saints	associated with: saints
sailing	associated with	sea	associated with: sea
money for nothing	associated with	investments	associated with: investments
money for nothing	associated with	opportunity	associated with: opportunity
money for nothing	associated with	luck	associated with: luck
halo	associated with	angels	associated with: angels
sailing	associated with	water	associated with: water
bump	associated with	construction site	associated with: construction site
sailing	associated with	sun	associated with: sun
bump	associated with	traffic	associated with: traffic
bump	associated with	sports	associated with: sports
bump	associated with	construction	associated with: construction
sailing	associated with	wind	associated with: wind
bump	associated with	roadwork	associated with: roadwork
halo	associated with	divine beings	associated with: divine beings
bump	associated with	music festival	associated with: music festival
money for nothing	associated with	chance	associated with: chance
bump, bump, bump	association	excitement	association: excitement
bump, bump, bump	association	pop music	association: pop music
bump, bump, bump	association	party	association: party
bump, bump, bump	association	rock music	association: rock music
bump, bump, bump	association	celebration	association: celebration
halo	astronomy	solar corona	astronomy: solar corona
halo	astronomy	formed by solar wind	astronomy: formed by solar wind
halo	astronomy	made of ice particles	astronomy: made of ice particles
halo	astronomy	ring around a planet	astronomy: ring around a planet
halo	astronomy	celestial body	astronomy: celestial body
halo	astronomy	eclipse phenomenon	astronomy: eclipse phenomenon
halo	astronomy	visible from earth	astronomy: visible from earth
halo	astronomy	ring of light	astronomy: ring of light
halo	astronomy	composed of ice and rock	astronomy: composed of ice and rock
halo	astronomy	formed by celestial mechanics	astronomy: formed by celestial mechanics
halo	astronomy	around a celestial body	astronomy: around a celestial body
party rock anthem	atmosphere	exciting	atmosphere: exciting
party rock anthem	atmosphere	energetic	atmosphere: energetic
party rock anthem	atmosphere	loud	atmosphere: loud
best of you	attitude	confident	attitude: confident
best of you	attitude	open-minded	attitude: open-minded
best of you	attitude	positive	attitude: positive
best of you	attitude	optimistic	attitude: optimistic
best of you	attitude	realistic	attitude: realistic
best of you	attitudes	non-judgmental	attitudes: non-judgmental
best of you	attitudes	positive	attitudes: positive
best of you	attitudes	open-minded	attitudes: open-minded
money for nothing	attracts	jealousy	attracts: jealousy
money for nothing	attracts	envy	attracts: envy
best of you	attributes	emotional intelligence	attributes: emotional intelligence
best of you	attributes	empathy	attributes: empathy
best of you	attributes	perseverance	attributes: perseverance
best of you	attributes	self-awareness	attributes: self-awareness
best of you	attributes	integrity	attributes: integrity
bump, bump, bump	audience response	fear	audience response: fear
bump, bump, bump	audience response	excitement	audience response: excitement
bump, bump, bump	audience response	confusion	audience response: confusion
crazy in love	award	grammy award	award: grammy award
the way we were	award	best actor	award: best actor
the way we were	award	oscar	award: oscar
crazy in love	award	best r&b song	award: best r&b song
the way we were	award	academy award	award: academy award
the way we were	awards	golden globe nominations	awards: golden globe nominations
crazy in love	awards	mtv video music award	awards: mtv video music award
the way we were	awards	won golden globe for best actor	awards: won golden globe for best actor
the way we were	awards	won golden globe award for best original song	awards: won golden globe award for best original song
we belong together	awards	grammy nomination	awards: grammy nomination
crazy in love	awards	grammy	awards: grammy
the way we were	awards	golden globe nomination	awards: golden globe nomination
the way we were	awards	academy award winner	awards: academy award winner
the way we were	awards	academy award for best original song	awards: academy award for best original song
we belong together	awards	mtv video music award	awards: mtv video music award
the way we were	awards	golden globe winner	awards: golden globe winner
we belong together	awards	american music award	awards: american music award
we belong together	awards	grammy award	awards: grammy award
the way we were	awards	oscar nominations	awards: oscar nominations
we belong together	awards	billboard hot 100 chart	awards: billboard hot 100 chart
the way we were	awards	won academy award for best original song	awards: won academy award for best original song
wait and bleed	band	american heavy metal	band: american heavy metal
wait and bleed	band	metalcore	band: metalcore
wait and bleed	band	trivium	band: trivium
wait and bleed	band	bullet for my valentine	band: bullet for my valentine
wait and bleed	band	metal band	band: metal band
wait and bleed	band	nine inch nails	band: nine inch nails
wait and bleed	band	killswitch engage	band: killswitch engage
wait and bleed	band	crimson moon	band: crimson moon
wait and bleed	band	the haunted	band: the haunted
wait and bleed	band	music group	band: music group
wait and bleed	band	pearl jam	band: pearl jam
best of you	behavior	being true to yourself	behavior: being true to yourself
best of you	behavior	being loyal	behavior: being loyal
best of you	behavior	taking risks	behavior: taking risks
best of you	behavior	persevering	behavior: persevering
best of you	behavior	helping others	behavior: helping others
best of you	behavior	being true to oneself	behavior: being true to oneself
best of you	behavior	being courageous	behavior: being courageous
best of you	behavior	persevering through challenges	behavior: persevering through challenges
best of you	behavior	selfless	behavior: selfless
best of you	behavior	compassionate	behavior: compassionate
best of you	behavior	honest	behavior: honest
best of you	behavior	being responsible	behavior: being responsible
best of you	behaviors	being true to yourself	behaviors: being true to yourself
best of you	behaviors	treating others with respect	behaviors: treating others with respect
best of you	behaviors	helping others	behaviors: helping others
best of you	behaviors	seeking knowledge	behaviors: seeking knowledge
best of you	behaviors	taking calculated risks	behaviors: taking calculated risks
halo	biblical significance	sign of divine approval	biblical significance: sign of divine approval
halo	biblical significance	indication of a prophet	biblical significance: indication of a prophet
bump	cause	car crash	cause: car crash
bump	cause	bicycle fall	cause: bicycle fall
bump	cause	construction	cause: construction
bump	cause	music	cause: music
bump	cause	car accident	cause: car accident
bump	cause	falling	cause: falling
bump	cause	negligence	cause: negligence
bump	cause	carelessness	cause: carelessness
bump	cause	bouncing ball	cause: bouncing ball
bump	cause	accident	cause: accident
halo	causes	sun's intense heat	causes: sun's intense heat
halo	causes	solar flares	causes: solar flares
money for nothing	challenges	losing it all	challenges: losing it all
money for nothing	challenges	tax implications	challenges: tax implications
best of you	challenges	overwhelm	challenges: overwhelm
best of you	challenges	fear of failure	challenges: fear of failure
money for nothing	challenges	maintaining wealth	challenges: maintaining wealth
best of you	challenges	self-doubt	challenges: self-doubt
money for nothing	chance	plays a role	chance: plays a role
money for nothing	chance	often involved	chance: often involved
best of you	characteristic	achievement	characteristic: achievement
best of you	characteristic	potential	characteristic: potential
best of you	characteristic	honest	characteristic: honest
best of you	characteristic	generous	characteristic: generous
best of you	characteristic	resilience	characteristic: resilience
best of you	characteristic	open-mindedness	characteristic: open-mindedness
best of you	characteristic	empathy	characteristic: empathy
best of you	characteristic	kind	characteristic: kind
best of you	characteristic	brave	characteristic: brave
best of you	characteristic	talent	characteristic: talent
best of you	characteristic	ability	characteristic: ability
best of you	characteristic	wise	characteristic: wise
party rock anthem	characteristics	catchy melody	characteristics: catchy melody
party rock anthem	characteristics	catchy	characteristics: catchy
party rock anthem	characteristics	easy to remember	characteristics: easy to remember
reason	characteristics	logical	characteristics: logical
reason	characteristics	influences decision	characteristics: influences decision
best of you	characteristics	emotional intelligence	characteristics: emotional intelligence
reason	characteristics	motivated	characteristics: motivated
party rock anthem	characteristics	upbeat	characteristics: upbeat
reason	characteristics	rational	characteristics: rational
reason	characteristics	based on evidence	characteristics: based on evidence
reason	characteristics	motivates action	characteristics: motivates action
party rock anthem	characteristics	repetitive beat	characteristics: repetitive beat
party rock anthem	characteristics	simple	characteristics: simple
party rock anthem	characteristics	simple lyrics	characteristics: simple lyrics
best of you	characteristics	strong sense of self	characteristics: strong sense of self
party rock anthem	characteristics	easy to dance to	characteristics: easy to dance to
best of you	characteristics	authentic	characteristics: authentic
party rock anthem	characteristics	repetitive	characteristics: repetitive
best of you	characteristics	adaptable	characteristics: adaptable
best of you	characteristics	compassionate	characteristics: compassionate
reason	characteristics	valid	characteristics: valid
reason	characteristics	clear	characteristics: clear
reason	characteristics	convincing	characteristics: convincing
best of you	characteristics	good communication skills	characteristics: good communication skills
the way we were	characters	finley	characters: finley
the way we were	characters	katie morosky	characters: katie morosky
the way we were	characters	katie	characters: katie
the way we were	characters	hubbell gardiner	characters: hubbell gardiner
the way we were	characters	hubbell	characters: hubbell
we belong together	chart performance	billboard hot 100	chart performance: billboard hot 100
crazy in love	chart performance	multi-platinum	chart performance: multi-platinum
we belong together	chart performance	successful song	chart performance: successful song
we belong together	chart performance	hit single	chart performance: hit single
we belong together	chart performance	multi-platinum	chart performance: multi-platinum
we belong together	chart performance	top 10	chart performance: top 10
we belong together	chart performance	number one on us billboard hot 100	chart performance: number one on us billboard hot 100
we belong together	chart performance	platinum selling	chart performance: platinum selling
we belong together	chart performance	top 10 on us billboard hot 100	chart performance: top 10 on us billboard hot 100
i still haven't found what i'm looking for	chart performance	hit single	chart performance: hit single
i still haven't found what i'm looking for	chart performance	top 10	chart performance: top 10
we belong together	chart performance	peaked at number one	chart performance: peaked at number one
crazy in love	chart performance	top 10	chart performance: top 10
crazy in love	collaboration	beyoncé and jay-z	collaboration: beyoncé and jay-z
money for nothing	common examples	finding a valuable item	common examples: finding a valuable item
party rock anthem	common examples	party rock anthem by lmfao	common examples: party rock anthem by lmfao
party rock anthem	common examples	uptown funk by mark ronson	common examples: uptown funk by mark ronson
party rock anthem	common examples	tik tok by ke$ha	common examples: tik tok by ke$ha
money for nothing	common examples	inheriting wealth	common examples: inheriting wealth
money for nothing	common examples	lottery win	common examples: lottery win
money for nothing	commonly associated with	chance	commonly associated with: chance
money for nothing	commonly associated with	luck	commonly associated with: luck
money for nothing	commonly associated with	opportunity	commonly associated with: opportunity
sailing	competitive aspect	racing	competitive aspect: racing
sailing	competitive aspect	regatta	competitive aspect: regatta
money for nothing	conceptual meaning	lucky break	conceptual meaning: lucky break
money for nothing	conceptual meaning	unearned income	conceptual meaning: unearned income
money for nothing	conceptual meaning	free money	conceptual meaning: free money
money for nothing	conceptual meaning	windfall	conceptual meaning: windfall
best of you	conceptual meaning	personal potential	conceptual meaning: personal potential
best of you	conceptual meaning	highest level of performance	conceptual meaning: highest level of performance
best of you	conceptual meaning	personal growth	conceptual meaning: personal growth
money for nothing	connotation	fortunate	connotation: fortunate
money for nothing	connotation	lucky	connotation: lucky
crazy in love	connotation	exciting	connotation: exciting
crazy in love	connotation	positive	connotation: positive
crazy in love	connotation	intimate	connotation: intimate
listen	consequences	confusion	consequences: confusion
listen	consequences	misunderstanding	consequences: misunderstanding
listen	consequences	understanding	consequences: understanding
halo	context	heavenly bodies	context: heavenly bodies
halo	context	ascension	context: ascension
halo	context	martyrdom	context: martyrdom
money for nothing	context	relaxation	context: relaxation
money for nothing	context	easy living	context: easy living
money for nothing	context	financial freedom	context: financial freedom
money for nothing	context	financial	context: financial
money for nothing	context	lucky	context: lucky
money for nothing	context	relaxing	context: relaxing
listen	context	in music	context: in music
listen	context	lecture	context: lecture
bump, bump, bump	context	construction site	context: construction site
halo	context	astronomy	context: astronomy
halo	context	optics	context: optics
bump	context	real life	context: real life
bump	context	game	context: game
halo	context	religion	context: religion
bump	context	music	context: music
listen	context	meeting	context: meeting
bump	context	construction site	context: construction site
bump	context	accident	context: accident
listen	context	in conversation	context: in conversation
listen	context	music	context: music
listen	context	conversation	context: conversation
money for nothing	context	life	context: life
listen	context	nature	context: nature
bump, bump, bump	context	concert	context: concert
bump, bump, bump	context	party	context: party
bump, bump, bump	context	film score	context: film score
bump, bump, bump	context	music festival	context: music festival
bump, bump, bump	context	roadside	context: roadside
listen	context	in lecture	context: in lecture
bump	context	party	context: party
i still haven't found what i'm looking for	critic reception	acclaimed	critic reception: acclaimed
i still haven't found what i'm looking for	critic reception	positive	critic reception: positive
the way we were	cult following	iconic movie quote	cult following: iconic movie quote
the way we were	cult following	beloved by many	cult following: beloved by many
halo	cultural significance	representation of divine authority	cultural significance: representation of divine authority
halo	cultural significance	symbol of reverence	cultural significance: symbol of reverence
money for nothing	cultural significance	indicator of social status	cultural significance: indicator of social status
halo	cultural significance	divine light	cultural significance: divine light
money for nothing	cultural significance	topic of debate	cultural significance: topic of debate
money for nothing	cultural significance	symbol of good fortune	cultural significance: symbol of good fortune
halo	cultural significance	symbol of holiness	cultural significance: symbol of holiness
sailing	culture	modern	culture: modern
sailing	culture	traditional	culture: traditional
sailing	culture	historic	culture: historic
party rock anthem	danceability	high	danceability: high
party rock anthem	danceability	energetic	danceability: energetic
party rock anthem	danceability	get-the-party-started	danceability: get-the-party-started
reason	definition	explanation	definition: explanation
reason	definition	cause and effect	definition: cause and effect
money for nothing	definition	getting paid without working	definition: getting paid without working
reason	definition	cause	definition: cause
reason	definition	justification	definition: justification
best of you	description	resilience	description: resilience
best of you	description	mindfulness	description: mindfulness
best of you	description	fitness	description: fitness
best of you	dimension	strength	dimension: strength
best of you	dimension	endurance	dimension: endurance
best of you	dimension	courage	dimension: courage
the way we were	directed by	sydney pollack	directed by: sydney pollack
the way we were	directed by	sidney pollack	directed by: sidney pollack
the way we were	director	sidney pollack	director: sidney pollack
the way we were	director	arthur penn	director: arthur penn
best of you	domain	music	domain: music
best of you	domain	sports	domain: sports
best of you	domain	career	domain: career
best of you	domain	art	domain: art
money for nothing	dreamt about by	many people	dreamt about by: many people
money for nothing	dreamt about by	most people	dreamt about by: most people
bump	duration	repeating	duration: repeating
i still haven't found what i'm looking for	duration	single track	duration: single track
bump	duration	long	duration: long
bump	duration	short	duration: short
i still haven't found what i'm looking for	duration	4 minutes	duration: 4 minutes
bump, bump, bump	effect	energetic	effect: energetic
bump	effect	damage	effect: damage
bump	effect	distraction	effect: distraction
bump, bump, bump	effect	uplifting	effect: uplifting
bump	effect	pain	effect: pain
bump, bump, bump	effect	distracting	effect: distracting
bump	effect	discomfort	effect: discomfort
bump	effect	injury	effect: injury
best of you	emotional aspect	self-acceptance	emotional aspect: self-acceptance
best of you	emotional aspect	confidence	emotional aspect: confidence
best of you	emotional aspect	pride	emotional aspect: pride
bump, bump, bump	emotional impact	startling	emotional impact: startling
bump, bump, bump	emotional impact	entertaining	emotional impact: entertaining
bump, bump, bump	emotional impact	annoying	emotional impact: annoying
best of you	emotional state	confident	emotional state: confident
crazy in love	emotional state	intense	emotional state: intense
crazy in love	emotional state	all-consuming	emotional state: all-consuming
crazy in love	emotional state	passionate	emotional state: passionate
crazy in love	emotional state	infatuation	emotional state: infatuation
best of you	emotional state	at peace	emotional state: at peace
best of you	emotional state	motivated	emotional state: motivated
best of you	emotional state	fulfilled	emotional state: fulfilled
crazy in love	emotional tone	romantic	emotional tone: romantic
crazy in love	emotional tone	infatuated	emotional tone: infatuated
crazy in love	emotional tone	intimate	emotional tone: intimate
we belong together	emotional tone	uplifting	emotional tone: uplifting
wait and bleed	emotional tone	intense	emotional tone: intense
wait and bleed	emotional tone	anguished	emotional tone: anguished
we belong together	emotional tone	sentimental	emotional tone: sentimental
we belong together	emotional tone	inspiring	emotional tone: inspiring
wait and bleed	emotional tone	desperate	emotional tone: desperate
wait and bleed	emotional tone	melancholic	emotional tone: melancholic
crazy in love	emotional tone	excited	emotional tone: excited
the way we were	emotional tone	melancholic	emotional tone: melancholic
the way we were	emotional tone	nostalgic	emotional tone: nostalgic
the way we were	emotional tone	bittersweet	emotional tone: bittersweet
party rock anthem	emotional tone	energetic	emotional tone: energetic
party rock anthem	emotional tone	fun	emotional tone: fun
party rock anthem	emotional tone	exciting	emotional tone: exciting
party rock anthem	energy level	high	energy level: high
party rock anthem	energy level	exciting	energy level: exciting
party rock anthem	energy level	energetic	energy level: energetic
sailing	environment	sea	environment: sea
sailing	environment	lake	environment: lake
sailing	environment	ocean	environment: ocean
sailing	environment	river	environment: river
sailing	environment	coast	environment: coast
bump, bump, bump	environment	party	environment: party
bump, bump, bump	environment	road	environment: road
bump, bump, bump	environment	construction site	environment: construction site
sailing	equipment	rudder	equipment: rudder
sailing	equipment	mast	equipment: mast
sailing	equipment	anchor	equipment: anchor
sailing	equipment	rigging	equipment: rigging
sailing	equipment	boat	equipment: boat
sailing	equipment	yacht	equipment: yacht
sailing	equipment	ship	equipment: ship
sailing	equipment	sail	equipment: sail
sailing	equipment	ropes	equipment: ropes
sailing	equipment	hull	equipment: hull
sailing	equipment	sails	equipment: sails
the way we were	era	classic	era: classic
the way we were	era	1960s	era: 1960s
the way we were	era	1950s	era: 1950s
sailing	event	racing	event: racing
sailing	event	cruise	event: cruise
sailing	event	festival	event: festival
sailing	event	race	event: race
sailing	event	regatta	event: regatta
money for nothing	example	lottery win	example: lottery win
money for nothing	example	passive income	example: passive income
money for nothing	example	inherited wealth	example: inherited wealth
money for nothing	example	finding a valuable item	example: finding a valuable item
money for nothing	example	inheriting wealth	example: inheriting wealth
money for nothing	example	finding hidden treasure	example: finding hidden treasure
money for nothing	example	gift	example: gift
reason	examples	a business decision	examples: a business decision
reason	examples	a moral principle	examples: a moral principle
reason	examples	a scientific theory	examples: a scientific theory
reason	examples	a cause and effect	examples: a cause and effect
reason	examples	a justification for an action	examples: a justification for an action
money for nothing	examples	finding a large sum of money	examples: finding a large sum of money
reason	examples	a logical explanation	examples: a logical explanation
money for nothing	examples	winning the lottery	examples: winning the lottery
money for nothing	examples	inheriting a fortune	examples: inheriting a fortune
reason	features	concise	features: concise
reason	features	clear	features: clear
halo	features	dusty	features: dusty
party rock anthem	features	singing	features: singing
party rock anthem	features	rapping	features: rapping
party rock anthem	features	synthesizer	features: synthesizer
reason	features	persuasive	features: persuasive
halo	features	gaseous	features: gaseous
halo	features	variable	features: variable
money for nothing	feeling	relieved	feeling: relieved
money for nothing	feeling	excited	feeling: excited
money for nothing	feeling	grateful	feeling: grateful
reason	fields	philosophy	fields: philosophy
reason	fields	psychology	fields: psychology
reason	fields	business	fields: business
reason	fields	science	fields: science
reason	fields	everyday life	fields: everyday life
money for nothing	financial independence	possible	financial independence: possible
money for nothing	financial independence	rarely achieved	financial independence: rarely achieved
reason	form	rationality	form: rationality
reason	form	rationalization	form: rationalization
reason	form	explanation	form: explanation
reason	form	argument	form: argument
reason	form	logic	form: logic
halo	formation	formed from comet debris	formation: formed from comet debris
halo	formation	created by solar wind	formation: created by solar wind
halo	formation	formed by planetary movement	formation: formed by planetary movement
halo	formation	comet	formation: comet
halo	formation	asteroid	formation: asteroid
halo	formation	formed by planetary orbit	formation: formed by planetary orbit
halo	formation	formed by cometary debris	formation: formed by cometary debris
halo	formation	formed by solar wind	formation: formed by solar wind
halo	formation	from solar flares	formation: from solar flares
halo	formation	formed by solar flares	formation: formed by solar flares
halo	formation	from solar wind	formation: from solar wind
halo	formation	formed by cometary material	formation: formed by cometary material
halo	formation	solar wind	formation: solar wind
halo	formation	formed from solar wind	formation: formed from solar wind
reason	forms	proof	forms: proof
reason	forms	explanation	forms: explanation
reason	forms	argument	forms: argument
reason	forms	justification	forms: justification
reason	forms	rationalization	forms: rationalization
money for nothing	frequency	infrequent	frequency: infrequent
money for nothing	frequency	rare	frequency: rare
bump, bump, bump	frequency	common	frequency: common
money for nothing	frequency	unlikely	frequency: unlikely
bump	frequency	rhythmic	frequency: rhythmic
bump	frequency	frequent	frequency: frequent
bump	frequency	infrequent	frequency: infrequent
money for nothing	frequency	one-time	frequency: one-time
money for nothing	frequency	occasional	frequency: occasional
bump	frequency	common	frequency: common
bump	frequency	fast	frequency: fast
bump	frequency	slow	frequency: slow
bump, bump, bump	frequency	used in dance	frequency: used in dance
bump, bump, bump	frequency	used in music	frequency: used in music
bump	frequency	rare	frequency: rare
reason	function	to make sense	function: to make sense
reason	function	to explain	function: to explain
reason	function	to justify	function: to justify
reason	function	understanding	function: understanding
reason	function	explaining	function: explaining
bump, bump, bump	function	warning	function: warning
bump, bump, bump	function	music accompaniment	function: music accompaniment
bump, bump, bump	function	communication	function: communication
bump, bump, bump	function	entertainment	function: entertainment
reason	function	making sense	function: making sense
bump, bump, bump	function	beat	function: beat
reason	function	justifying	function: justifying
bump, bump, bump	function	rhythm	function: rhythm
reason	functions	to justify	functions: to justify
reason	functions	to persuade	functions: to persuade
reason	functions	to explain	functions: to explain
crazy in love	genre	hip-hop	genre: hip-hop
crazy in love	genre	r&b	genre: r&b
we belong together	genre	pop ballad	genre: pop ballad
party rock anthem	genre	electronic	genre: electronic
party rock anthem	genre	dance	genre: dance
party rock anthem	genre	pop	genre: pop
i still haven't found what i'm looking for	genre	rock music	genre: rock music
the way we were	genre	swing	genre: swing
we belong together	genre	soul	genre: soul
the way we were	genre	historical	genre: historical
we belong together	genre	pop	genre: pop
i still haven't found what i'm looking for	genre	pop music	genre: pop music
the way we were	genre	historical drama	genre: historical drama
bump, bump, bump	genre	hip-hop	genre: hip-hop
i still haven't found what i'm looking for	genre	classic rock	genre: classic rock
wait and bleed	genre	music	genre: music
the way we were	genre	romantic drama	genre: romantic drama
we belong together	genre	r&b	genre: r&b
the way we were	genre	historical romance	genre: historical romance
we belong together	genre	ballad	genre: ballad
bump, bump, bump	genre	pop	genre: pop
bump, bump, bump	genre	rock	genre: rock
the way we were	genre	drama	genre: drama
the way we were	genre	romance	genre: romance
the way we were	genre	romantic comedy	genre: romantic comedy
the way we were	genre	jazz	genre: jazz
i still haven't found what i'm looking for	genre	classic	genre: classic
the way we were	genre	musical	genre: musical
wait and bleed	genre	hard rock	genre: hard rock
we belong together	genre	adult contemporary	genre: adult contemporary
party rock anthem	genre	dance music	genre: dance music
i still haven't found what i'm looking for	genre	pop	genre: pop
wait and bleed	genre	heavy metal	genre: heavy metal
party rock anthem	genre	pop music	genre: pop music
i still haven't found what i'm looking for	genre	rock	genre: rock
i still haven't found what i'm looking for	genre	alternative	genre: alternative
the way we were	genre	oldies	genre: oldies
party rock anthem	genre	rock	genre: rock
crazy in love	genre	pop	genre: pop
party rock anthem	genre	electronic music	genre: electronic music
the way we were	genre	musical drama	genre: musical drama
best of you	goal	overcoming limitations	goal: overcoming limitations
best of you	goal	personal growth	goal: personal growth
best of you	goal	achieving potential	goal: achieving potential
best of you	goal	well-being	goal: well-being
best of you	goal	self-improvement	goal: self-improvement
sailing	goal	winning race	goal: winning race
best of you	goal	reaching peak performance	goal: reaching peak performance
best of you	goal	self-actualization	goal: self-actualization
best of you	goal	making a positive impact	goal: making a positive impact
best of you	goal	reaching full potential	goal: reaching full potential
sailing	goal	reaching destination	goal: reaching destination
sailing	goal	enjoying experience	goal: enjoying experience
best of you	goals	self-love	goals: self-love
best of you	goals	self-acceptance	goals: self-acceptance
best of you	goals	self-improvement	goals: self-improvement
money for nothing	hard work	unrelated	hard work: unrelated
money for nothing	hard work	opposite	hard work: opposite
money for nothing	impact	stress-reducing	impact: stress-reducing
money for nothing	impact	relief	impact: relief
money for nothing	impact	financial security	impact: financial security
i still haven't found what i'm looking for	impact	classic	impact: classic
wait and bleed	impact	influential	impact: influential
wait and bleed	impact	groundbreaking	impact: groundbreaking
money for nothing	impact	life-changing	impact: life-changing
money for nothing	impact	financially freeing	impact: financially freeing
i still haven't found what i'm looking for	impact	fan favorite	impact: fan favorite
i still haven't found what i'm looking for	impact	iconic	impact: iconic
i still haven't found what i'm looking for	impact	influence on music	impact: influence on music
i still haven't found what i'm looking for	impact	iconic song	impact: iconic song
i still haven't found what i'm looking for	impact	critically acclaimed	impact: critically acclaimed
wait and bleed	impact	iconic	impact: iconic
i still haven't found what i'm looking for	impact	cultural significance	impact: cultural significance
i still haven't found what i'm looking for	impact	influential	impact: influential
i still haven't found what i'm looking for	impact	iconic guitar riff	impact: iconic guitar riff
listen	importance	crucial	importance: crucial
listen	importance	for comprehension	importance: for comprehension
reason	importance	understanding	importance: understanding
listen	importance	vital	importance: vital
listen	importance	essential	importance: essential
listen	importance	for communication	importance: for communication
best of you	importance	motivation	importance: motivation
best of you	importance	inspiration	importance: inspiration
best of you	importance	self-fulfillment	importance: self-fulfillment
best of you	importance	self-improvement	importance: self-improvement
listen	importance	for empathy	importance: for empathy
reason	importance	decision making	importance: decision making
best of you	importance	legacy	importance: legacy
listen	importance	for learning	importance: for learning
best of you	importance	happiness	importance: happiness
best of you	importance	personal fulfillment	importance: personal fulfillment
listen	importance	necessary	importance: necessary
reason	importance	decision-making	importance: decision-making
reason	importance	problem-solving	importance: problem-solving
listen	importance	for understanding	importance: for understanding
reason	importance	problem solving	importance: problem solving
listen	in context	in nature	in context: in nature
listen	in context	in conversation	in context: in conversation
listen	in context	in music	in context: in music
listen	in different contexts	music	in different contexts: music
listen	in different contexts	instructions	in different contexts: instructions
listen	in different contexts	lecture	in different contexts: lecture
listen	in different contexts	conversation	in different contexts: conversation
wait and bleed	influences	metallica	influences: metallica
wait and bleed	influences	slayer	influences: slayer
wait and bleed	influences	emo	influences: emo
wait and bleed	influences	alternative rock	influences: alternative rock
wait and bleed	influences	post-punk	influences: post-punk
wait and bleed	influences	black sabbath	influences: black sabbath
wait and bleed	influences	pantera	influences: pantera
wait and bleed	influences	iron maiden	influences: iron maiden
i still haven't found what i'm looking for	inspiration	philosophical themes	inspiration: philosophical themes
i still haven't found what i'm looking for	inspiration	biblical references	inspiration: biblical references
party rock anthem	instrumentation	guitar	instrumentation: guitar
party rock anthem	instrumentation	synthesizer	instrumentation: synthesizer
party rock anthem	instrumentation	bass	instrumentation: bass
party rock anthem	instrumentation	drums	instrumentation: drums
party rock anthem	instrumentation	synthesizers	instrumentation: synthesizers
party rock anthem	instrumentation	electric guitar	instrumentation: electric guitar
listen	level	carefully	level: carefully
listen	level	quietly	level: quietly
listen	level	loudly	level: loudly
best of you	level of performance	outstanding	level of performance: outstanding
best of you	level of performance	excellent	level of performance: excellent
best of you	level of performance	exceptional	level of performance: exceptional
best of you	level of performance	remarkable	level of performance: remarkable
halo	location	around the sun	location: around the sun
bump	location	head	location: head
bump	location	elbow	location: elbow
halo	location	around a planet	location: around a planet
halo	location	in space	location: in space
halo	location	in the solar system	location: in the solar system
bump	location	body	location: body
bump	location	road	location: road
bump	location	floor	location: floor
sailing	location	river	location: river
sailing	location	coast	location: coast
sailing	location	ocean	location: ocean
halo	location	around other planets	location: around other planets
sailing	location	lake	location: lake
sailing	location	sea	location: sea
bump	location	car	location: car
sailing	location	bay	location: bay
wait and bleed	lyrical theme	pain	lyrical theme: pain
wait and bleed	lyrical theme	suffering	lyrical theme: suffering
wait and bleed	lyrical theme	emotional struggle	lyrical theme: emotional struggle
wait and bleed	lyrical themes	pain	lyrical themes: pain
wait and bleed	lyrical themes	depression	lyrical themes: depression
wait and bleed	lyrical themes	suffering	lyrical themes: suffering
party rock anthem	lyrics	simple	lyrics: simple
we belong together	lyrics	love-filled	lyrics: love-filled
party rock anthem	lyrics	repetitive	lyrics: repetitive
crazy in love	lyrics	love	lyrics: love
crazy in love	lyrics	desire	lyrics: desire
party rock anthem	lyrics	celebratory	lyrics: celebratory
the way we were	lyrics	nostalgic	lyrics: nostalgic
wait and bleed	lyrics	emotional	lyrics: emotional
wait and bleed	lyrics	emotional pain	lyrics: emotional pain
crazy in love	lyrics	love is a game	lyrics: love is a game
i still haven't found what i'm looking for	lyrics	questioning existence	lyrics: questioning existence
party rock anthem	lyrics	let loose	lyrics: let loose
party rock anthem	lyrics	celebrate	lyrics: celebrate
crazy in love	lyrics	describing obsessive love	lyrics: describing obsessive love
wait and bleed	lyrics	about life	lyrics: about life
party rock anthem	lyrics	fun	lyrics: fun
we belong together	lyrics	uplifting	lyrics: uplifting
we belong together	lyrics	romantic	lyrics: romantic
wait and bleed	lyrics	struggle	lyrics: struggle
crazy in love	lyrics	expressing intense passion	lyrics: expressing intense passion
we belong together	lyrics	heartfelt	lyrics: heartfelt
we belong together	lyrics	heartwarming	lyrics: heartwarming
we belong together	lyrics	emotional	lyrics: emotional
wait and bleed	lyrics	storytelling	lyrics: storytelling
wait and bleed	lyrics	personal	lyrics: personal
i still haven't found what i'm looking for	lyrics	thought-provoking	lyrics: thought-provoking
party rock anthem	lyrics	party	lyrics: party
wait and bleed	lyrics	loss	lyrics: loss
the way we were	lyrics	sentimental	lyrics: sentimental
crazy in love	lyrics	forever yours	lyrics: forever yours
party rock anthem	lyrics	catchy	lyrics: catchy
wait and bleed	lyrics	angst	lyrics: angst
crazy in love	lyrics	sweet	lyrics: sweet
i still haven't found what i'm looking for	lyrics	quest	lyrics: quest
i still haven't found what i'm looking for	lyrics	spiritual journey	lyrics: spiritual journey
wait and bleed	lyrics	aggression	lyrics: aggression
wait and bleed	lyrics	emotional release	lyrics: emotional release
party rock anthem	lyrics	about letting loose	lyrics: about letting loose
party rock anthem	lyrics	about having fun	lyrics: about having fun
party rock anthem	lyrics	about partying	lyrics: about partying
crazy in love	lyrics	sensual	lyrics: sensual
party rock anthem	lyrics	good time	lyrics: good time
wait and bleed	lyrics	dark	lyrics: dark
wait and bleed	lyrics	angsty	lyrics: angsty
party rock anthem	lyrics	celebration	lyrics: celebration
crazy in love	lyrics	passionate	lyrics: passionate
crazy in love	lyrics	romantic	lyrics: romantic
crazy in love	lyrics	intimate	lyrics: intimate
crazy in love	lyrics	can't get enough	lyrics: can't get enough
crazy in love	lyrics	can't live without	lyrics: can't live without
party rock anthem	lyrics	party lyrics	lyrics: party lyrics
i still haven't found what i'm looking for	lyrics	philosophical	lyrics: philosophical
i still haven't found what i'm looking for	lyrics	existential	lyrics: existential
i still haven't found what i'm looking for	lyrics	open to interpretation	lyrics: open to interpretation
party rock anthem	lyrics	party-oriented	lyrics: party-oriented
party rock anthem	lyrics	fun lyrics	lyrics: fun lyrics
crazy in love	lyrics	can't live without you	lyrics: can't live without you
the way we were	lyrics	heartwarming	lyrics: heartwarming
party rock anthem	lyrics	sing-along	lyrics: sing-along
we belong together	lyrics	soulful	lyrics: soulful
i still haven't found what i'm looking for	lyrics	search for meaning	lyrics: search for meaning
i still haven't found what i'm looking for	lyrics	poetic	lyrics: poetic
wait and bleed	lyrics	about pain	lyrics: about pain
wait and bleed	lyrics	about struggle	lyrics: about struggle
we belong together	lyrics	inspiring	lyrics: inspiring
we belong together	lyrics	love song	lyrics: love song
i still haven't found what i'm looking for	lyrics	meaningful	lyrics: meaningful
i still haven't found what i'm looking for	lyrics	inspirational	lyrics: inspirational
wait and bleed	lyrics theme	mental health	lyrics theme: mental health
wait and bleed	lyrics theme	self-destruction	lyrics theme: self-destruction
wait and bleed	lyrics theme	emotional struggle	lyrics theme: emotional struggle
wait and bleed	lyrics theme	suffering	lyrics theme: suffering
wait and bleed	lyrics theme	longing	lyrics theme: longing
wait and bleed	lyrics theme	loss	lyrics theme: loss
wait and bleed	lyrics theme	grief	lyrics theme: grief
wait and bleed	lyrics theme	pain	lyrics theme: pain
wait and bleed	lyrics theme	anger	lyrics theme: anger
the way we were	main characters	katie morosky	main characters: katie morosky
the way we were	main characters	hubbell gardiner	main characters: hubbell gardiner
best of you	meaning	self-improvement	meaning: self-improvement
money for nothing	meaning	getting paid without effort	meaning: getting paid without effort
i still haven't found what i'm looking for	meaning	search for meaning	meaning: search for meaning
i still haven't found what i'm looking for	meaning	spiritual quest	meaning: spiritual quest
i still haven't found what i'm looking for	meaning	search for truth	meaning: search for truth
i still haven't found what i'm looking for	meaning	philosophical inquiry	meaning: philosophical inquiry
money for nothing	meaning	unearned income	meaning: unearned income
i still haven't found what i'm looking for	meaning	open to interpretation	meaning: open to interpretation
money for nothing	meaning	unearned	meaning: unearned
money for nothing	meaning	without effort	meaning: without effort
money for nothing	meaning	free	meaning: free
i still haven't found what i'm looking for	meaning	questioning existence	meaning: questioning existence
i still haven't found what i'm looking for	meaning	search for spiritual connection	meaning: search for spiritual connection
listen	meaning	understand	meaning: understand
listen	meaning	interpret	meaning: interpret
listen	meaning	focus	meaning: focus
listen	meaning	pay attention	meaning: pay attention
listen	meaning	to give attention to sound	meaning: to give attention to sound
listen	meaning	hear	meaning: hear
i still haven't found what i'm looking for	meaning	search for love	meaning: search for love
money for nothing	meaning	free money	meaning: free money
best of you	meaning	personal growth	meaning: personal growth
best of you	meaning	fulfillment	meaning: fulfillment
money for nothing	meaning	get rich without effort	meaning: get rich without effort
bump	measured by	amplitude	measured by: amplitude
bump	measured by	frequency	measured by: frequency
bump	measured by	decibel	measured by: decibel
best of you	measurement	feedback	measurement: feedback
best of you	measurement	self-assessment	measurement: self-assessment
best of you	measurement	achievement	measurement: achievement
listen	medium	sound	medium: sound
listen	medium	voice	medium: voice
listen	medium	music	medium: music
party rock anthem	melody	upbeat	melody: upbeat
party rock anthem	melody	repeating	melody: repeating
party rock anthem	melody	simple	melody: simple
party rock anthem	melody	uplifting	melody: uplifting
party rock anthem	melody	sing-along	melody: sing-along
party rock anthem	melody	repetitive	melody: repetitive
party rock anthem	melody	catchy	melody: catchy
party rock anthem	melody	energetic	melody: energetic
halo	metaphor	symbol of purity	metaphor: symbol of purity
halo	metaphor	symbol of divine presence	metaphor: symbol of divine presence
halo	metaphor	symbol of excellence	metaphor: symbol of excellence
listen	method	silently	method: silently
listen	method	through ear	method: through ear
listen	method	with ears	method: with ears
listen	method	with eyes	method: with eyes
listen	method	with heart	method: with heart
listen	method	with attention	method: with attention
reason	method	inductive	method: inductive
reason	method	deductive	method: deductive
reason	method	abductive	method: abductive
listen	methods	with eyes	methods: with eyes
reason	methods	argumentation	methods: argumentation
reason	methods	analogical reasoning	methods: analogical reasoning
reason	methods	inductive reasoning	methods: inductive reasoning
listen	methods	with attention	methods: with attention
listen	methods	with ears	methods: with ears
reason	methods	evaluation	methods: evaluation
reason	methods	analysis	methods: analysis
listen	methods	using eyes	methods: using eyes
listen	methods	using ears	methods: using ears
reason	methods	logical deduction	methods: logical deduction
i still haven't found what i'm looking for	mood	emotional	mood: emotional
i still haven't found what i'm looking for	mood	inspiring	mood: inspiring
bump, bump, bump	mood	irksome	mood: irksome
i still haven't found what i'm looking for	mood	melancholic	mood: melancholic
bump, bump, bump	mood	energetic	mood: energetic
we belong together	mood	uplifting	mood: uplifting
i still haven't found what i'm looking for	mood	thought-provoking	mood: thought-provoking
wait and bleed	mood	emotional	mood: emotional
wait and bleed	mood	angry	mood: angry
we belong together	mood	inspirational	mood: inspirational
crazy in love	mood	passionate	mood: passionate
i still haven't found what i'm looking for	mood	emotive	mood: emotive
i still haven't found what i'm looking for	mood	contemplative	mood: contemplative
party rock anthem	mood	exciting	mood: exciting
party rock anthem	mood	uplifting	mood: uplifting
we belong together	mood	emotional	mood: emotional
crazy in love	mood	uplifting	mood: uplifting
crazy in love	mood	intimate	mood: intimate
crazy in love	mood	romantic	mood: romantic
wait and bleed	mood	intense	mood: intense
crazy in love	mood	excited	mood: excited
party rock anthem	mood	energetic	mood: energetic
crazy in love	mood	adoring	mood: adoring
i still haven't found what i'm looking for	mood	longing	mood: longing
we belong together	mood	nostalgic	mood: nostalgic
party rock anthem	mood	upbeat	mood: upbeat
we belong together	mood	melancholic	mood: melancholic
we belong together	mood	sentimental	mood: sentimental
we belong together	mood	romantic	mood: romantic
party rock anthem	mood	fun	mood: fun
crazy in love	mood	infatuated	mood: infatuated
best of you	motivational aspect	inspiration	motivational aspect: inspiration
best of you	motivational aspect	encouragement	motivational aspect: encouragement
best of you	motivational aspect	self-improvement	motivational aspect: self-improvement
the way we were	movie	directed by sydney pollack	movie: directed by sydney pollack
the way we were	movie	starring robert redford and barbra streisand	movie: starring robert redford and barbra streisand
the way we were	movie	1963 release	movie: 1963 release
the way we were	movie	musical	movie: musical
the way we were	movie	film by kazan	movie: film by kazan
the way we were	movie	classic movie	movie: classic movie
the way we were	movie	released in 1973	movie: released in 1973
the way we were	movie	romantic drama	movie: romantic drama
the way we were	movie	starring barbra streisand	movie: starring barbra streisand
the way we were	movie	1963 film	movie: 1963 film
the way we were	movie title	starring robert redford	movie title: starring robert redford
the way we were	movie title	starring barbra streisand	movie title: starring barbra streisand
the way we were	movie title	classic	movie title: classic
the way we were	movie title	romantic drama	movie title: romantic drama
the way we were	movie title	historical fiction	movie title: historical fiction
the way we were	movie title	romantic comedy	movie title: romantic comedy
the way we were	music	features iconic songs like 'the way we were'	music: features iconic songs like 'the way we were'
the way we were	music	written by alan and marilyn bergman	music: written by alan and marilyn bergman
the way we were	music	features songs by alan and marilyn bergman	music: features songs by alan and marilyn bergman
the way we were	music	soundtrack	music: soundtrack
the way we were	music	soundtrack by alan bergman	music: soundtrack by alan bergman
the way we were	music	features memorable soundtrack	music: features memorable soundtrack
the way we were	music	iconic song 'the way we were'	music: iconic song 'the way we were'
the way we were	music	iconic songs	music: iconic songs
wait and bleed	music genre	hard rock	music genre: hard rock
wait and bleed	music genre	heavy metal	music genre: heavy metal
wait and bleed	music genre	post-hardcore	music genre: post-hardcore
crazy in love	music genre	pop	music genre: pop
we belong together	music genre	pop	music genre: pop
we belong together	music genre	r&b	music genre: r&b
we belong together	music genre	adult contemporary	music genre: adult contemporary
wait and bleed	music genre	hardcore punk	music genre: hardcore punk
crazy in love	music genre	r&b	music genre: r&b
crazy in love	music genre	hip-hop	music genre: hip-hop
wait and bleed	music style	heavy riffs	music style: heavy riffs
wait and bleed	music style	power chords	music style: power chords
wait and bleed	music style	drumming	music style: drumming
wait and bleed	music style	aggressive	music style: aggressive
wait and bleed	music style	melodic	music style: melodic
we belong together	music video	features mariah carey and jimmy fallon	music video: features mariah carey and jimmy fallon
crazy in love	music video	high-concept	music video: high-concept
crazy in love	music video	expensive	music video: expensive
crazy in love	music video	features choreographed dance	music video: features choreographed dance
crazy in love	music video	features beyoncé and jay-z	music video: features beyoncé and jay-z
crazy in love	music video	iconic	music video: iconic
i still haven't found what i'm looking for	music video	features the band	music video: features the band
i still haven't found what i'm looking for	music video	shot in black and white	music video: shot in black and white
crazy in love	musical genre	r&b	musical genre: r&b
crazy in love	musical genre	pop	musical genre: pop
crazy in love	musical genre	hip-hop	musical genre: hip-hop
wait and bleed	musical style	heavy guitar riffs	musical style: heavy guitar riffs
wait and bleed	musical style	drumming patterns	musical style: drumming patterns
wait and bleed	musical style	screamed vocals	musical style: screamed vocals
wait and bleed	musical style	fast drumming	musical style: fast drumming
wait and bleed	musical style	heavy riffs	musical style: heavy riffs
wait and bleed	musical style	alternative metal	musical style: alternative metal
wait and bleed	musical style	hardcore	musical style: hardcore
wait and bleed	musical style	vocal screams	musical style: vocal screams
wait and bleed	musical style	aggressive drumming	musical style: aggressive drumming
reason	nature	rational	nature: rational
reason	nature	objective	nature: objective
reason	nature	subjective	nature: subjective
halo	object	sun	object: sun
halo	object	light	object: light
halo	object	moon	object: moon
party rock anthem	occasion	clubbing	occasion: clubbing
party rock anthem	occasion	party	occasion: party
party rock anthem	occasion	birthday	occasion: birthday
party rock anthem	occasion	wedding	occasion: wedding
money for nothing	often sought after	financial security	often sought after: financial security
money for nothing	often sought after	comfort	often sought after: comfort
money for nothing	often sought after	freedom	often sought after: freedom
listen	opposite	disregard	opposite: disregard
money for nothing	opposite	hard work for little pay	opposite: hard work for little pay
money for nothing	opposite	struggle to make ends meet	opposite: struggle to make ends meet
listen	opposite	ignore	opposite: ignore
listen	opposite	overlook	opposite: overlook
money for nothing	opposite	sacrificing time	opposite: sacrificing time
money for nothing	opposite	hard work	opposite: hard work
listen	opposite	not pay attention	opposite: not pay attention
money for nothing	opposite concept	earning money	opposite concept: earning money
money for nothing	opposite concept	hard work	opposite concept: hard work
money for nothing	opposite concept	earning a living	opposite concept: earning a living
money for nothing	opposite concept	earned income	opposite concept: earned income
money for nothing	opposite concept	effort	opposite concept: effort
halo	optics	prism	optics: prism
halo	optics	used in optical instruments	optics: used in optical instruments
halo	optics	created by refraction	optics: created by refraction
halo	optics	ring of light around a source	optics: ring of light around a source
halo	optics	refracted light	optics: refracted light
halo	optics	rainbow	optics: rainbow
bump	origin	drum	origin: drum
bump	origin	construction	origin: construction
party rock anthem	origin	music festival	origin: music festival
reason	origin	thought	origin: thought
bump, bump, bump	origin	music	origin: music
bump, bump, bump	origin	drumming	origin: drumming
reason	origin	mind	origin: mind
bump, bump, bump	origin	music instrument	origin: music instrument
reason	origin	logic	origin: logic
bump, bump, bump	origin	construction work	origin: construction work
bump, bump, bump	origin	car crash	origin: car crash
we belong together	origin	song by whitney houston	origin: song by whitney houston
bump, bump, bump	origin	drummer	origin: drummer
we belong together	origin	1995	origin: 1995
party rock anthem	origin	dj	origin: dj
party rock anthem	origin	club scene	origin: club scene
reason	origin	culture	origin: culture
reason	origin	experience	origin: experience
party rock anthem	origin	radio	origin: radio
party rock anthem	origin	australia	origin: australia
party rock anthem	origin	europe	origin: europe
party rock anthem	origin	usa	origin: usa
party rock anthem	origin	festival	origin: festival
halo	origin	astronomical	origin: astronomical
halo	origin	biblical	origin: biblical
crazy in love	origin	usa	origin: usa
crazy in love	origin	2003	origin: 2003
party rock anthem	origin	club	origin: club
bump, bump, bump	origin	drum	origin: drum
bump, bump, bump	origin	beat	origin: beat
bump	origin	car crash	origin: car crash
reason	origin	thought process	origin: thought process
best of you	outcomes	success	outcomes: success
best of you	outcomes	happiness	outcomes: happiness
best of you	outcomes	inner peace	outcomes: inner peace
best of you	outcomes	personal growth	outcomes: personal growth
best of you	outcomes	fulfillment	outcomes: fulfillment
best of you	outcomes	stronger relationships	outcomes: stronger relationships
bump	perceived as	exciting	perceived as: exciting
bump	perceived as	frightening	perceived as: frightening
bump	perceived as	annoying	perceived as: annoying
bump	perceived as	entertaining	perceived as: entertaining
bump	perceived as	scary	perceived as: scary
bump, bump, bump	perceived intensity	high	perceived intensity: high
bump, bump, bump	perceived intensity	low	perceived intensity: low
best of you	personal attribute	hardworking	personal attribute: hardworking
best of you	personal attribute	generous	personal attribute: generous
best of you	personal attribute	kind	personal attribute: kind
best of you	personal attribute	honest	personal attribute: honest
best of you	personal trait	brave	personal trait: brave
best of you	personal trait	honest	personal trait: honest
best of you	personal trait	hardworking	personal trait: hardworking
best of you	personal trait	kind	personal trait: kind
best of you	personality	confident	personality: confident
best of you	personality	authentic	personality: authentic
best of you	personality	kind	personality: kind
best of you	personality trait	resilient	personality trait: resilient
best of you	personality trait	self-discipline	personality trait: self-discipline
best of you	personality trait	honesty	personality trait: honesty
best of you	personality trait	confidence	personality trait: confidence
best of you	personality trait	kind	personality trait: kind
best of you	personality trait	honest	personality trait: honest
halo	phenomenon	optical illusion	phenomenon: optical illusion
halo	phenomenon	atmospheric phenomenon	phenomenon: atmospheric phenomenon
money for nothing	philosophy	reward	philosophy: reward
money for nothing	philosophy	opportunity	philosophy: opportunity
sailing	physical activity	requires	physical activity: requires
sailing	physical activity	involves	physical activity: involves
sailing	physical activity	requires strength	physical activity: requires strength
sailing	physical activity	requires endurance	physical activity: requires endurance
sailing	physical demands	agility	physical demands: agility
sailing	physical demands	endurance	physical demands: endurance
sailing	physical demands	balance	physical demands: balance
sailing	physical demands	strength	physical demands: strength
bump, bump, bump	physical effect	vibration	physical effect: vibration
bump, bump, bump	physical effect	shockwave	physical effect: shockwave
bump, bump, bump	physical properties	loud noise	physical properties: loud noise
bump, bump, bump	physical properties	repeated pattern	physical properties: repeated pattern
the way we were	plot	wartime romance	plot: wartime romance
the way we were	plot	exploring nostalgia	plot: exploring nostalgia
the way we were	plot	love story	plot: love story
the way we were	plot	memories of past	plot: memories of past
the way we were	plot	set in the 1930s	plot: set in the 1930s
the way we were	plot	romantic comedy	plot: romantic comedy
the way we were	plot	historical fiction	plot: historical fiction
the way we were	plot	about a couple's lost love	plot: about a couple's lost love
the way we were	plot	lost love	plot: lost love
the way we were	plot	based on real events	plot: based on real events
the way we were	plot	about a couple's past love	plot: about a couple's past love
the way we were	plot	unrequited love	plot: unrequited love
the way we were	plot	about a woman who falls in love with a man who is already engaged	plot: about a woman who falls in love with a man who is already engaged
the way we were	plot	romantic tragedy	plot: romantic tragedy
party rock anthem	popular examples	we will rock you	popular examples: we will rock you
party rock anthem	popular examples	i gotta feeling	popular examples: i gotta feeling
party rock anthem	popular examples	shut up and dance	popular examples: shut up and dance
i still haven't found what i'm looking for	popularity	popular	popularity: popular
i still haven't found what i'm looking for	popularity	very popular	popularity: very popular
i still haven't found what i'm looking for	popularity	iconic	popularity: iconic
we belong together	popularity	iconic	popularity: iconic
we belong together	popularity	chart-topping	popularity: chart-topping
we belong together	popularity	hit single	popularity: hit single
i still haven't found what i'm looking for	popularity	timeless	popularity: timeless
best of you	practical application	self-reflection	practical application: self-reflection
best of you	practical application	self-improvement plan	practical application: self-improvement plan
best of you	practical application	goal setting	practical application: goal setting
best of you	prerequisite	self-reflection	prerequisite: self-reflection
best of you	prerequisite	self-awareness	prerequisite: self-awareness
best of you	prerequisite	self-care	prerequisite: self-care
reason	process	analysis	process: analysis
reason	process	evaluation	process: evaluation
reason	process	decision making	process: decision making
best of you	process	self-reflection	process: self-reflection
best of you	process	goal-setting	process: goal-setting
best of you	process	hard work	process: hard work
best of you	process	perseverance	process: perseverance
party rock anthem	production	synth-heavy	production: synth-heavy
party rock anthem	production	energetic	production: energetic
party rock anthem	production	loud	production: loud
sailing	propulsion	engine	propulsion: engine
sailing	propulsion	wind	propulsion: wind
sailing	purpose	competitive	purpose: competitive
reason	purpose	to understand	purpose: to understand
reason	purpose	to persuade	purpose: to persuade
reason	purpose	to convince	purpose: to convince
sailing	purpose	recreational	purpose: recreational
listen	purpose	communication	purpose: communication
listen	purpose	to appreciate	purpose: to appreciate
listen	purpose	to respond	purpose: to respond
listen	purpose	entertainment	purpose: entertainment
party rock anthem	purpose	singing along	purpose: singing along
party rock anthem	purpose	dancing	purpose: dancing
listen	purpose	understanding	purpose: understanding
listen	purpose	enjoying	purpose: enjoying
listen	purpose	communicating	purpose: communicating
party rock anthem	purpose	entertainment	purpose: entertainment
listen	purpose	to understand	purpose: to understand
sailing	purpose	fishing	purpose: fishing
sailing	purpose	adventure	purpose: adventure
listen	purpose	enjoy	purpose: enjoy
bump, bump, bump	purpose	to create mood	purpose: to create mood
bump, bump, bump	purpose	to emphasize rhythm	purpose: to emphasize rhythm
listen	purpose	learn	purpose: learn
sailing	purpose	competition	purpose: competition
listen	purpose	understand	purpose: understand
sailing	purpose	commerce	purpose: commerce
reason	purpose	to clarify	purpose: to clarify
bump, bump, bump	purpose	to attract attention	purpose: to attract attention
reason	purpose	to justify	purpose: to justify
reason	purpose	to explain	purpose: to explain
sailing	purpose	transportation	purpose: transportation
sailing	purpose	recreation	purpose: recreation
sailing	purpose	leisure	purpose: leisure
money for nothing	rare	exceptional	rare: exceptional
money for nothing	rare	true	rare: true
money for nothing	rarity	often dreamed about	rarity: often dreamed about
money for nothing	rarity	very rare	rarity: very rare
wait and bleed	reception	critical acclaim	reception: critical acclaim
wait and bleed	reception	positive reviews	reception: positive reviews
wait and bleed	reception	commercial success	reception: commercial success
listen	related actions	hear carefully	related actions: hear carefully
listen	related actions	pay attention	related actions: pay attention
listen	related actions	hear	related actions: hear
halo	related to	moon	related to: moon
halo	related to	sun	related to: sun
halo	related to	solar system	related to: solar system
halo	related to	comet	related to: comet
halo	related to	asteroid	related to: asteroid
halo	related to	eclipse	related to: eclipse
halo	related to	divinity	related to: divinity
halo	related to	solar wind	related to: solar wind
halo	related to	space weather	related to: space weather
halo	related to	corona	related to: corona
reason	relation	to purpose	relation: to purpose
reason	relation	to effect	relation: to effect
reason	relation	to consequence	relation: to consequence
reason	relation	to motivate	relation: to motivate
reason	relation	to justify	relation: to justify
best of you	relationship	treating others with kindness	relationship: treating others with kindness
best of you	relationship	respecting oneself	relationship: respecting oneself
best of you	relationship	maintaining healthy boundaries	relationship: maintaining healthy boundaries
best of you	relationship	being authentic	relationship: being authentic
crazy in love	relationship	long-term	relationship: long-term
crazy in love	relationship	intimate	relationship: intimate
crazy in love	relationship	romantic	relationship: romantic
crazy in love	relationship	love	relationship: love
i still haven't found what i'm looking for	release	1987	release: 1987
crazy in love	release	single	release: single
crazy in love	release	2003	release: 2003
i still haven't found what i'm looking for	release	the joshua tree	release: the joshua tree
crazy in love	release date	2003	release date: 2003
wait and bleed	release date	1992	release date: 1992
wait and bleed	release date	1994	release date: 1994
we belong together	release date	september	release date: september
i still haven't found what i'm looking for	release date	1987	release date: 1987
the way we were	release date	december 1973	release date: december 1973
we belong together	release date	1995	release date: 1995
we belong together	release date	august 3	release date: august 3
we belong together	release date	1994	release date: 1994
we belong together	release date	single	release date: single
the way we were	release date	1973	release date: 1973
we belong together	release date	2005	release date: 2005
we belong together	release year	1988	release year: 1988
the way we were	release year	1973	release year: 1973
we belong together	release year	1992	release year: 1992
wait and bleed	release year	2009	release year: 2009
wait and bleed	release year	2005	release year: 2005
the way we were	release year	1970s	release year: 1970s
crazy in love	release year	2003	release year: 2003
crazy in love	released	2003	released: 2003
crazy in love	released	summer	released: summer
wait and bleed	released	2005	released: 2005
wait and bleed	released	2011	released: 2011
wait and bleed	released	2009	released: 2009
crazy in love	released year	2003	released year: 2003
money for nothing	reliability	unpredictable	reliability: unpredictable
money for nothing	reliability	consistent	reliability: consistent
money for nothing	reliability	variable	reliability: variable
halo	religion	christianity	religion: christianity
halo	religion	islam	religion: islam
halo	religion	judaism	religion: judaism
listen	required attention	partial attention	required attention: partial attention
listen	required attention	full attention	required attention: full attention
sailing	required knowledge	nautical rules	required knowledge: nautical rules
sailing	required knowledge	weather forecasting	required knowledge: weather forecasting
sailing	required knowledge	safety protocols	required knowledge: safety protocols
sailing	required knowledge	sailing techniques	required knowledge: sailing techniques
listen	required senses	hearing	required senses: hearing
listen	required skills	concentration	required skills: concentration
listen	required skills	empathy	required skills: empathy
listen	required skills	focus	required skills: focus
sailing	required skills	sailing techniques	required skills: sailing techniques
sailing	required skills	steering	required skills: steering
sailing	required skills	navigation	required skills: navigation
sailing	required skills	weather forecasting	required skills: weather forecasting
money for nothing	requirement	no effort	requirement: no effort
listen	requirement	concentration	requirement: concentration
money for nothing	requirement	some effort	requirement: some effort
listen	requirement	focus	requirement: focus
money for nothing	requirement	minimal effort	requirement: minimal effort
listen	requirement	attention	requirement: attention
listen	requirement	silence	requirement: silence
listen	requirements	focus	requirements: focus
money for nothing	requirements	no effort required	requirements: no effort required
money for nothing	requirements	luck	requirements: luck
listen	requirements	silence	requirements: silence
money for nothing	requirements	chance	requirements: chance
listen	requirements	attention	requirements: attention
bump	response	stop	response: stop
bump	response	listen	response: listen
bump	response	avoid	response: avoid
bump	response to	excitement	response to: excitement
bump	response to	curiosity	response to: curiosity
bump	response to	avoidance	response to: avoidance
best of you	result	satisfaction	result: satisfaction
best of you	result	confidence	result: confidence
best of you	result	pride	result: pride
reason	role	to understand	role: to understand
reason	role	to justify	role: to justify
reason	role	explaining	role: explaining
reason	role	justifying	role: justifying
reason	role	motivating	role: motivating
reason	role	to convince	role: to convince
crazy in love	romantic relationship	can be intense and all-encompassing	romantic relationship: can be intense and all-encompassing
crazy in love	romantic relationship	between two people	romantic relationship: between two people
crazy in love	romantic relationship	characterized by strong feelings	romantic relationship: characterized by strong feelings
reason	scope	scientific	scope: scientific
reason	scope	general	scope: general
reason	scope	particular	scope: particular
reason	scope	local	scope: local
reason	scope	global	scope: global
reason	scope	universal	scope: universal
reason	scope	personal	scope: personal
reason	scope	specific	scope: specific
reason	scope	social	scope: social
listen	sense	auditory	sense: auditory
the way we were	setting	usa	setting: usa
the way we were	setting	small town	setting: small town
the way we were	setting	1950s	setting: 1950s
listen	skill	improved	skill: improved
listen	skill	required	skill: required
sailing	skill	jibing	skill: jibing
sailing	skill	trimming	skill: trimming
sailing	skill	tacking	skill: tacking
sailing	skill	steering	skill: steering
listen	skill	developed	skill: developed
sailing	skill level	expert	skill level: expert
sailing	skill level	beginner	skill level: beginner
sailing	skill level	intermediate	skill level: intermediate
sailing	skill level	advanced	skill level: advanced
sailing	skill level	professional	skill level: professional
sailing	skills	steering	skills: steering
sailing	skills	sailing	skills: sailing
sailing	skills	jibing	skills: jibing
sailing	skills	tacking	skills: tacking
listen	skills	responsive	skills: responsive
listen	skills	attentive	skills: attentive
listen	skills	good listener	skills: good listener
listen	skills involved	concentration	skills involved: concentration
listen	skills involved	interpretation	skills involved: interpretation
listen	skills involved	attention	skills involved: attention
we belong together	song	1994 release	song: 1994 release
crazy in love	song	pop	song: pop
crazy in love	song	jay-z	song: jay-z
the way we were	song	romantic	song: romantic
crazy in love	song	r&b	song: r&b
the way we were	song	popular	song: popular
crazy in love	song	beyoncé	song: beyoncé
we belong together	song	song by mariah carey	song: song by mariah carey
i still haven't found what i'm looking for	song	lyrics by bono	song: lyrics by bono
we belong together	song	1994 single	song: 1994 single
i still haven't found what i'm looking for	song	rock song	song: rock song
i still haven't found what i'm looking for	song	lyrics about searching	song: lyrics about searching
i still haven't found what i'm looking for	song	1987	song: 1987
we belong together	song	1997 release	song: 1997 release
i still haven't found what i'm looking for	song	u2	song: u2
i still haven't found what i'm looking for	song	iconic	song: iconic
crazy in love	song	upbeat	song: upbeat
i still haven't found what i'm looking for	song	by u2	song: by u2
i still haven't found what i'm looking for	song	released in 1987	song: released in 1987
we belong together	song	popular	song: popular
we belong together	song	romantic	song: romantic
i still haven't found what i'm looking for	song	hit single	song: hit single
we belong together	song	number one hit	song: number one hit
crazy in love	song	romantic	song: romantic
we belong together	song	uplifting	song: uplifting
we belong together	song	romantic ballad	song: romantic ballad
i still haven't found what i'm looking for	song	rock	song: rock
we belong together	song	pop song	song: pop song
we belong together	song	romantic song	song: romantic song
wait and bleed	song	from album	song: from album
wait and bleed	song	lyrics focused on	song: lyrics focused on
we belong together	song	from the album 'butterfly'	song: from the album 'butterfly'
we belong together	song	by mariah carey	song: by mariah carey
we belong together	song	slow	song: slow
crazy in love	song	popular	song: popular
crazy in love	song	by beyoncé	song: by beyoncé
crazy in love	song	feat. jay-z	song: feat. jay-z
crazy in love	song	romantic song	song: romantic song
we belong together	song	pop	song: pop
crazy in love	song	known for its catchy beat and romantic lyrics	song: known for its catchy beat and romantic lyrics
crazy in love	song	a popular r&b song	song: a popular r&b song
crazy in love	song	by beyoncé and jay-z	song: by beyoncé and jay-z
we belong together	song	duet	song: duet
we belong together	song	whitney houston	song: whitney houston
we belong together	song	love song	song: love song
i still haven't found what i'm looking for	song	anthem	song: anthem
crazy in love	song	pop song	song: pop song
i still haven't found what i'm looking for	song	rock ballad	song: rock ballad
crazy in love	song	beyoncé's song	song: beyoncé's song
i still haven't found what i'm looking for	song	u2 song	song: u2 song
the way we were	song	melancholic	song: melancholic
wait and bleed	song by	trivium	song by: trivium
wait and bleed	song by	metal band	song by: metal band
wait and bleed	song characteristics	aggressive drumming	song characteristics: aggressive drumming
wait and bleed	song characteristics	heavy guitar riffs	song characteristics: heavy guitar riffs
wait and bleed	song characteristics	dark lyrics	song characteristics: dark lyrics
wait and bleed	song characteristics	aggressive drums	song characteristics: aggressive drums
wait and bleed	song characteristics	heavy riffs	song characteristics: heavy riffs
party rock anthem	song structure	easy to remember	song structure: easy to remember
party rock anthem	song structure	build-up-to-drop	song structure: build-up-to-drop
party rock anthem	song structure	repetitive	song structure: repetitive
party rock anthem	song structure	simple	song structure: simple
party rock anthem	song structure	short duration	song structure: short duration
party rock anthem	song structure	simple verse-chorus	song structure: simple verse-chorus
wait and bleed	song structure	verse-chorus-verse-chorus-bridge-outro	song structure: verse-chorus-verse-chorus-bridge-outro
wait and bleed	song type	heavy metal song	song type: heavy metal song
wait and bleed	song type	music	song type: music
wait and bleed	song type	hard rock song	song type: hard rock song
bump, bump, bump	sound	repetitive	sound: repetitive
bump	sound	music	sound: music
bump, bump, bump	sound	drumming	sound: drumming
bump	sound	thud	sound: thud
bump	sound	repetitive	sound: repetitive
bump	sound	loud	sound: loud
bump, bump, bump	sound	loud	sound: loud
bump	sound	booming	sound: booming
bump, bump, bump	sound	music	sound: music
bump, bump, bump	sound	booming	sound: booming
bump	sound	unpleasant	sound: unpleasant
bump, bump, bump	source	construction	source: construction
money for nothing	source	winning a contest	source: winning a contest
bump, bump, bump	source	car	source: car
bump, bump, bump	source	drum	source: drum
money for nothing	source	inheriting	source: inheriting
bump, bump, bump	source	music	source: music
money for nothing	source	lottery	source: lottery
money for nothing	source	dividends	source: dividends
money for nothing	source	interest	source: interest
money for nothing	source	gift	source: gift
money for nothing	source	inheritance	source: inheritance
the way we were	starring	barbra streisand	starring: barbra streisand
the way we were	starring	robert redford	starring: robert redford
listen	state	active	state: active
listen	state	passive	state: passive
listen	state	carefully	state: carefully
listen	state	mindfully	state: mindfully
listen	state	attentively	state: attentively
listen	states	active	states: active
listen	states	passive	states: passive
the way we were	story	historical fiction	story: historical fiction
the way we were	story	love story	story: love story
the way we were	story	based on real events	story: based on real events
the way we were	storyline	based on a novel	storyline: based on a novel
the way we were	storyline	historical fiction	storyline: historical fiction
the way we were	storyline	set during the 1930s	storyline: set during the 1930s
reason	structure	chain of events	structure: chain of events
reason	structure	argument	structure: argument
reason	structure	sequence of cause and effect	structure: sequence of cause and effect
reason	structure	logic	structure: logic
wait and bleed	style	heavy riffs	style: heavy riffs
wait and bleed	style	melodic solos	style: melodic solos
wait and bleed	style	aggressive vocals	style: aggressive vocals
halo	symbolism	perfection	symbolism: perfection
halo	symbolism	spiritual guidance	symbolism: spiritual guidance
halo	symbolism	holiness	symbolism: holiness
halo	symbolism	symbol of purity	symbolism: symbol of purity
halo	symbolism	divine presence	symbolism: divine presence
halo	symbolism	sainthood	symbolism: sainthood
halo	symbolism	good reputation	symbolism: good reputation
halo	symbolism	aura	symbolism: aura
halo	symbolism	symbol of divine presence	symbolism: symbol of divine presence
halo	symbolism	symbol of protection	symbolism: symbol of protection
party rock anthem	target audience	dancers	target audience: dancers
party rock anthem	target audience	partygoers	target audience: partygoers
party rock anthem	target audience	young adults	target audience: young adults
sailing	technique	trim	technique: trim
sailing	technique	heeling	technique: heeling
sailing	technique	jibing	technique: jibing
sailing	technique	steering	technique: steering
sailing	technique	tacking	technique: tacking
sailing	technique	trimming	technique: trimming
party rock anthem	tempo	upbeat	tempo: upbeat
party rock anthem	tempo	energetic	tempo: energetic
party rock anthem	tempo	fast	tempo: fast
party rock anthem	tempo	fast-paced	tempo: fast-paced
party rock anthem	tempo	danceable	tempo: danceable
we belong together	theme	longing	theme: longing
i still haven't found what i'm looking for	theme	search for something more	theme: search for something more
i still haven't found what i'm looking for	theme	longing for connection	theme: longing for connection
crazy in love	theme	love	theme: love
i still haven't found what i'm looking for	theme	quest for connection	theme: quest for connection
we belong together	theme	love	theme: love
crazy in love	theme	passion	theme: passion
the way we were	theme	loss	theme: loss
the way we were	theme	love	theme: love
the way we were	theme	nostalgia	theme: nostalgia
crazy in love	theme	intensity	theme: intensity
i still haven't found what i'm looking for	theme	search for meaning	theme: search for meaning
i still haven't found what i'm looking for	theme	quest for truth	theme: quest for truth
i still haven't found what i'm looking for	theme	spiritual journey	theme: spiritual journey
i still haven't found what i'm looking for	theme	search for truth	theme: search for truth
i still haven't found what i'm looking for	theme	spiritual quest	theme: spiritual quest
we belong together	theme	heartbreak	theme: heartbreak
i still haven't found what i'm looking for	theme	existential crisis	theme: existential crisis
reason	tone	emotive	tone: emotive
reason	tone	persuasive	tone: persuasive
crazy in love	tone	energetic	tone: energetic
crazy in love	tone	emotional	tone: emotional
we belong together	tone	inspiring	tone: inspiring
wait and bleed	tone	melancholic	tone: melancholic
crazy in love	tone	romantic	tone: romantic
crazy in love	tone	upbeat	tone: upbeat
we belong together	tone	uplifting	tone: uplifting
wait and bleed	tone	aggressive	tone: aggressive
reason	tone	serious	tone: serious
the way we were	tone	wistful	tone: wistful
the way we were	tone	bittersweet	tone: bittersweet
i still haven't found what i'm looking for	tone	emotive	tone: emotive
the way we were	tone	longing	tone: longing
i still haven't found what i'm looking for	tone	haunting	tone: haunting
i still haven't found what i'm looking for	tone	inspiring	tone: inspiring
crazy in love	tone	joyful	tone: joyful
crazy in love	tone	exciting	tone: exciting
listen	tools	ear	tools: ear
listen	tools	attention	tools: attention
listen	tools	earphones	tools: earphones
best of you	traits	prudence	traits: prudence
best of you	traits	altruism	traits: altruism
best of you	traits	authenticity	traits: authenticity
best of you	traits	courage	traits: courage
best of you	traits	compassion	traits: compassion
reason	type	emotional	type: emotional
sailing	type	racing	type: racing
reason	type	causal	type: causal
bump	type	sonic	type: sonic
sailing	type	cruising	type: cruising
reason	type	logical	type: logical
sailing	type	competitive	type: competitive
bump	type	physical	type: physical
sailing	type	recreational	type: recreational
sailing	type	commercial	type: commercial
reason	type	cause	type: cause
money for nothing	type	passive income	type: passive income
reason	type	practical	type: practical
sailing	type	dinghy	type: dinghy
bump	type	musical	type: musical
money for nothing	type	windfall	type: windfall
sailing	type	competitive racing	type: competitive racing
reason	type	justifying	type: justifying
reason	type	explanatory	type: explanatory
money for nothing	type	unearned	type: unearned
sailing	type	keelboat	type: keelboat
sailing	type	leisure	type: leisure
money for nothing	type	free	type: free
reason	type	justification	type: justification
sailing	type	recreational cruising	type: recreational cruising
sailing	type	day sailing	type: day sailing
reason	type	explanation	type: explanation
sailing	type of transportation	recreational	type of transportation: recreational
sailing	type of transportation	water	type of transportation: water
sailing	type of transportation	environmentally friendly	type of transportation: environmentally friendly
halo	types	solar halo	types: solar halo
halo	types	ring of fire	types: ring of fire
halo	types	horns of the moon	types: horns of the moon
reason	types	practical	types: practical
reason	types	logical	types: logical
reason	types	emotional	types: emotional
halo	types	lunar halo	types: lunar halo
party rock anthem	used for	getting pumped up	used for: getting pumped up
party rock anthem	used for	partying	used for: partying
party rock anthem	used for	dancing	used for: dancing
party rock anthem	used in	clubs	used in: clubs
party rock anthem	used in	weddings	used in: weddings
party rock anthem	used in	parties	used in: parties
reason	uses	in everyday life	uses: in everyday life
reason	uses	in philosophy	uses: in philosophy
reason	uses	in science	uses: in science
best of you	values	integrity	values: integrity
best of you	values	empathy	values: empathy
best of you	values	resilience	values: resilience
best of you	values	self-awareness	values: self-awareness
listen	verb	focus	verb: focus
listen	verb	pay attention	verb: pay attention
listen	verb	hear	verb: hear
listen	verb form	present tense	verb form: present tense
listen	verb form	future tense	verb form: future tense
listen	verb form	past tense	verb form: past tense
sailing	vessel	catamaran	vessel: catamaran
sailing	vessel	dinghy	vessel: dinghy
sailing	vessel	ship	vessel: ship
sailing	vessel	yacht	vessel: yacht
sailing	vessel	boat	vessel: boat
sailing	vessel	sailboat	vessel: sailboat
halo	visibility	visible with telescope	visibility: visible with telescope
halo	visibility	visible to naked eye	visibility: visible to naked eye
halo	visual representation	artistic depiction	visual representation: artistic depiction
halo	visual representation	iconic image	visual representation: iconic image
party rock anthem	vocal style	energetic	vocal style: energetic
party rock anthem	vocal style	simple	vocal style: simple
party rock anthem	vocal style	anthemic	vocal style: anthemic
party rock anthem	vocal style	chant-like	vocal style: chant-like
party rock anthem	vocal style	repetitive	vocal style: repetitive
party rock anthem	vocal style	excitable	vocal style: excitable
bump	volume	low	volume: low
bump, bump, bump	volume	high	volume: high
bump, bump, bump	volume	low	volume: low
bump	volume	high	volume: high
sailing	water	river	water: river
sailing	water	lake	water: lake
sailing	water	sea	water: sea
listen	way	actively	way: actively
listen	way	intently	way: intently
listen	way	attentively	way: attentively
listen	way	passively	way: passively
listen	ways to do	with heart	ways to do: with heart
listen	ways to do	with ears	ways to do: with ears
listen	ways to do	with eyes	ways to do: with eyes
listen	ways to do it	with heart	ways to do it: with heart
listen	ways to do it	with eyes	ways to do it: with eyes
listen	ways to do it	with ears	ways to do it: with ears
sailing	weather	wind	weather: wind
sailing	weather	sun	weather: sun
sailing	weather	rain	weather: rain
sailing	weather	storm	weather: storm
sailing	weather	thunderstorm	weather: thunderstorm
sailing	weather condition	calm	weather condition: calm
sailing	weather condition	windy	weather condition: windy
sailing	weather condition	sunny	weather condition: sunny
sailing	wind	influences	wind: influences
sailing	wind	uses	wind: uses
sailing	wind	captured by	wind: captured by
sailing	wind	dependent on	wind: dependent on
sailing	wind	used to harness	wind: used to harness
the way we were	year	1963	year: 1963
